Image_Path,Description
images/467369917.jpg,"Chikungunya is a mosquito-borne viral disease characterized by sudden onset of fever and severe joint pain. A distinctive feature of chikungunya is a skin rash that typically appears shortly after the fever begins.

Primary Skin Characteristics:

Texture and Color: The rash is generally maculopapular, presenting as flat, red areas covered with small, raised bumps. In lighter-skinned individuals, these areas may appear more prominently red. 

Specific Locations: The rash commonly involves the trunk and extremities and can also include the palms, soles, and face. 

Progression: The rash typically emerges two to five days after the onset of fever and may last for several days. It often resolves on its own without causing long-term skin issues.

Associated Visible Symptoms:

Facial Swelling: Some individuals may experience swelling of the face.

Conjunctivitis: Redness of the eyes can occur in certain cases.

Differential Diagnosis:

Several diseases present with similar skin manifestations, making clinical differentiation important:

Dengue Fever: Like chikungunya, dengue can cause a maculopapular rash. However, dengue is more likely to lead to neutropenia, thrombocytopenia, hemorrhage, shock, and death, whereas chikungunya more commonly causes severe joint pain. 

Zika Virus Infection: Zika can also present with a maculopapular rash, but its symptoms are generally milder compared to chikungunya. Notably, Zika infections can cause congenital infections, which is a distinguishing feature. 

Measles: Measles presents with a maculopapular rash that typically starts on the face and spreads downward, often accompanied by Koplik spots inside the mouth, which are not seen in chikungunya.

Rubella: Rubella causes a similar rash but is usually accompanied by lymphadenopathy (swollen lymph nodes), particularly behind the ears and at the back of the head, which is less common in chikungunya.

Accurate diagnosis often requires laboratory testing, especially in areas where multiple diseases with similar presentations are prevalent. Healthcare providers may use blood tests to detect viral RNA or antibodies specific to chikungunya to confirm the diagnosis."
